molecule_chembl_id,canonical_smiles,standard_value,bioactivity_class
CHEMBL81463,CCNC(=O)N[C@@H](Cc1ccccc1)C(=O)N[C@H](C(=O)N[C@@H](C)C(=O)N[C@@H](CC(C)C)C(N)=O)C(C)C,22.0,active
CHEMBL81463,CCNC(=O)N[C@@H](Cc1ccccc1)C(=O)N[C@H](C(=O)N[C@@H](C)C(=O)N[C@@H](CC(C)C)C(N)=O)C(C)C,290.0,active
CHEMBL76898,CCCCC(=O)N[C@@H](Cc1ccccc1)C(=O)N[C@H](C(=O)N[C@@H](C)C(=O)N[C@@H](CC(C)C)C(N)=O)C(C)C,140.0,active
CHEMBL76898,CCCCC(=O)N[C@@H](Cc1ccccc1)C(=O)N[C@H](C(=O)N[C@@H](C)C(=O)N[C@@H](CC(C)C)C(N)=O)C(C)C,10000.0,inactive
CHEMBL420761,CCCCCCOC(=O)N[C@@H](Cc1ccccc1)C(=O)N[C@H](C(=O)N[C@@H](C)C(=O)N[C@@H](CC(C)C)C(N)=O)C(C)C,32.0,active
CHEMBL420761,CCCCCCOC(=O)N[C@@H](Cc1ccccc1)C(=O)N[C@H](C(=O)N[C@@H](C)C(=O)N[C@@H](CC(C)C)C(N)=O)C(C)C,17000.0,inactive
CHEMBL310163,CC(=O)OCC(=O)N[C@@H](Cc1ccccc1)C(=O)N[C@H](C(=O)N[C@@H](C)C(=O)N[C@@H](CC(C)C)C(N)=O)C(C)C,46.0,active
CHEMBL310163,CC(=O)OCC(=O)N[C@@H](Cc1ccccc1)C(=O)N[C@H](C(=O)N[C@@H](C)C(=O)N[C@@H](CC(C)C)C(N)=O)C(C)C,390.0,active
CHEMBL80447,CCOC(=O)N[C@H](Cc1cccc2ccccc12)C(=O)N(C)[C@@H](CCCN=C(N)N)C(=O)N[C@@H](CC(N)=O)C(=O)N[C@H](C(=O)OC)C(C)C,16.0,active
CHEMBL80447,CCOC(=O)N[C@H](Cc1cccc2ccccc12)C(=O)N(C)[C@@H](CCCN=C(N)N)C(=O)N[C@@H](CC(N)=O)C(=O)N[C@H](C(=O)OC)C(C)C,140.0,active
CHEMBL77558,CCOC(=O)N[C@H](Cc1ccc(Cl)cc1)C(=O)N[C@H](C(=O)N[C@@H](C)C(=O)N[C@@H](CC(C)C)C(N)=O)C(C)C,19.0,active
CHEMBL77558,CCOC(=O)N[C@H](Cc1ccc(Cl)cc1)C(=O)N[C@H](C(=O)N[C@@H](C)C(=O)N[C@@H](CC(C)C)C(N)=O)C(C)C,73.0,active
CHEMBL418908,CCOC(=O)N[C@@H](Cc1ccccc1)C(=O)N[C@H](C(=O)N[C@@H](C)C(=O)N[C@@H](CC(=O)O)C(N)=O)C(C)C,50000.0,inactive
CHEMBL418908,CCOC(=O)N[C@@H](Cc1ccccc1)C(=O)N[C@H](C(=O)N[C@@H](C)C(=O)N[C@@H](CC(=O)O)C(N)=O)C(C)C,50000.0,inactive
CHEMBL292340,CCC[C@H](NC(=O)[C@H](CCCN=C(N)N)NC(=O)[C@H](Cc1ccccc1)NC(=O)OCC)C(=O)N[C@@H](CC(C)C)C(N)=O,1.4,active
CHEMBL292340,CCC[C@H](NC(=O)[C@H](CCCN=C(N)N)NC(=O)[C@H](Cc1ccccc1)NC(=O)OCC)C(=O)N[C@@H](CC(C)C)C(N)=O,17.0,active
CHEMBL310312,CCOC(=O)N[C@@H](Cc1ccccc1)C(=O)N[C@@H](CCCCN)C(=O)N[C@@H](C)C(=O)N[C@@H](CC(C)C)C(N)=O,67.0,active
CHEMBL310312,CCOC(=O)N[C@@H](Cc1ccccc1)C(=O)N[C@@H](CCCCN)C(=O)N[C@@H](C)C(=O)N[C@@H](CC(C)C)C(N)=O,1100.0,inactive
CHEMBL2369843,CCOC(=O)N[C@H](CCSCc1ccccc1)C(=O)N[C@H](C(=O)N[C@@H](C)C(=O)N[C@@H](CC(C)C)C(N)=O)C(C)C,2100.0,inactive
CHEMBL2369843,CCOC(=O)N[C@H](CCSCc1ccccc1)C(=O)N[C@H](C(=O)N[C@@H](C)C(=O)N[C@@H](CC(C)C)C(N)=O)C(C)C,50000.0,active
CHEMBL79084,CCOC(=O)N[C@@H](Cc1ccccc1)C(=O)N[C@@H](CCCCN)C(=O)N[C@@H](C)C(=O)N[C@@H](Cc1cccs1)C(N)=O,1500.0,active
CHEMBL79084,CCOC(=O)N[C@@H](Cc1ccccc1)C(=O)N[C@@H](CCCCN)C(=O)N[C@@H](C)C(=O)N[C@@H](Cc1cccs1)C(N)=O,12000.0,active
CHEMBL309610,CCOC(=O)N[C@H](Cc1ccc([N+](=O)[O-])cc1)C(=O)N[C@H](C(=O)N[C@@H](C)C(=O)N[C@@H](CC(C)C)C(N)=O)C(C)C,140.0,active
CHEMBL309610,CCOC(=O)N[C@H](Cc1ccc([N+](=O)[O-])cc1)C(=O)N[C@H](C(=O)N[C@@H](C)C(=O)N[C@@H](CC(C)C)C(N)=O)C(C)C,600.0,active
CHEMBL78426,CCOC(=O)N[C@@H](Cc1ccccc1)C(=O)N[C@H](C(=O)N[C@@H](C)C(=O)N[C@@H](CC(C)C)C(N)=O)C(C)C,28.0,active
CHEMBL78426,CCOC(=O)N[C@@H](Cc1ccccc1)C(=O)N[C@H](C(=O)N[C@@H](C)C(=O)N[C@@H](CC(C)C)C(N)=O)C(C)C,420.0,active
CHEMBL309641,CCOC(=O)N[C@H](Cc1ccc(OC)cc1)C(=O)N[C@H](C(=O)N[C@@H](C)C(=O)N[C@@H](CC(C)C)C(N)=O)C(C)C,46.0,active
CHEMBL309641,CCOC(=O)N[C@H](Cc1ccc(OC)cc1)C(=O)N[C@H](C(=O)N[C@@H](C)C(=O)N[C@@H](CC(C)C)C(N)=O)C(C)C,180.0,inactive
CHEMBL79117,CCOC(=O)N[C@H](CC1CCCCC1)C(=O)N[C@H](C(=O)N[C@@H](C)C(=O)N[C@@H](CC(C)C)C(N)=O)C(C)C,1.4,inactive
CHEMBL79117,CCOC(=O)N[C@H](CC1CCCCC1)C(=O)N[C@H](C(=O)N[C@@H](C)C(=O)N[C@@H](CC(C)C)C(N)=O)C(C)C,9.9,active
CHEMBL79048,CCOC(=O)N[C@@H](Cc1ccccc1)C(=O)N[C@@H](CCCCN)C(=O)N[C@@H](C)C(=O)N[C@@H](CCCN)C(N)=O,48000.0,active
CHEMBL79048,CCOC(=O)N[C@@H](Cc1ccccc1)C(=O)N[C@@H](CCCCN)C(=O)N[C@@H](C)C(=O)N[C@@H](CCCN)C(N)=O,50000.0,active
CHEMBL80563,CCOC(=O)N[C@H](CSCc1ccccc1)C(=O)N[C@H](C(=O)N[C@@H](C)C(=O)N[C@@H](CC(C)C)C(N)=O)C(C)C,270.0,inactive
CHEMBL80563,CCOC(=O)N[C@H](CSCc1ccccc1)C(=O)N[C@H](C(=O)N[C@@H](C)C(=O)N[C@@H](CC(C)C)C(N)=O)C(C)C,7000.0,active
CHEMBL310625,CC(=O)NCC(=O)N[C@@H](Cc1ccccc1)C(=O)N[C@H](C(=O)N[C@@H](C)C(=O)N[C@@H](CC(C)C)C(N)=O)C(C)C,81.0,active
CHEMBL420380,CC(C)C[C@H](NC(=O)[C@H](C)NC(=O)[C@@H](NC(=O)[C@H](Cc1ccccc1)NC(=O)CCCCCN)C(C)C)C(N)=O,170.0,active
CHEMBL420380,CC(C)C[C@H](NC(=O)[C@H](C)NC(=O)[C@@H](NC(=O)[C@H](Cc1ccccc1)NC(=O)CCCCCN)C(C)C)C(N)=O,1600.0,active
CHEMBL80668,CCOC(=O)N[C@H](Cc1cccnc1)C(=O)N[C@H](C(=O)N[C@@H](C)C(=O)N[C@@H](CC(C)C)C(N)=O)C(C)C,5300.0,inactive
CHEMBL80668,CCOC(=O)N[C@H](Cc1cccnc1)C(=O)N[C@H](C(=O)N[C@@H](C)C(=O)N[C@@H](CC(C)C)C(N)=O)C(C)C,28000.0,inactive
CHEMBL312367,CCOC(=O)N[C@H](Cc1c[nH]c2ccccc12)C(=O)N(C)[C@@H](CCCN=C(N)N)C(=O)N[C@@H](CC(N)=O)C(=O)N[C@H](C(=O)O)C(C)C,31.0,inactive
CHEMBL312367,CCOC(=O)N[C@H](Cc1c[nH]c2ccccc12)C(=O)N(C)[C@@H](CCCN=C(N)N)C(=O)N[C@@H](CC(N)=O)C(=O)N[C@H](C(=O)O)C(C)C,320.0,inactive
CHEMBL79058,CCOC(=O)N[C@H](Cc1csc2ccccc12)C(=O)N[C@H](C(=O)N[C@@H](C)C(=O)N[C@@H](CC(C)C)C(N)=O)C(C)C,23.0,active
CHEMBL79058,CCOC(=O)N[C@H](Cc1csc2ccccc12)C(=O)N[C@H](C(=O)N[C@@H](C)C(=O)N[C@@H](CC(C)C)C(N)=O)C(C)C,85.0,inactive
CHEMBL80468,CCOC(=O)N[C@@H](Cc1ccccc1)C(=O)N[C@@H](CCCCN)C(=O)N[C@@H](C)C(=O)N[C@@H](CCC(N)=O)C(N)=O,15000.0,inactive
CHEMBL80468,CCOC(=O)N[C@@H](Cc1ccccc1)C(=O)N[C@@H](CCCCN)C(=O)N[C@@H](C)C(=O)N[C@@H](CCC(N)=O)C(N)=O,43000.0,active
CHEMBL312435,CC(C)C[C@H](NC(=O)[C@H](C)NC(=O)[C@@H](NC(=O)[C@H](Cc1ccccc1)NC(=O)OCC1c2ccccc2-c2ccccc21)C(C)C)C(N)=O,50000.0,active
CHEMBL312435,CC(C)C[C@H](NC(=O)[C@H](C)NC(=O)[C@@H](NC(=O)[C@H](Cc1ccccc1)NC(=O)OCC1c2ccccc2-c2ccccc21)C(C)C)C(N)=O,50000.0,inactive
CHEMBL80433,CCOC(=O)N[C@@H](Cc1ccccc1)C(=O)N[C@@H](CCCCN)C(=O)N[C@@H](C)C(=O)N[C@H](C(N)=O)c1ccccc1,920.0,inactive
CHEMBL80433,CCOC(=O)N[C@@H](Cc1ccccc1)C(=O)N[C@@H](CCCCN)C(=O)N[C@@H](C)C(=O)N[C@H](C(N)=O)c1ccccc1,5000.0,inactive
CHEMBL78827,CCOC(=O)N[C@@H](Cc1ccccc1)C(=O)N[C@@H](CCCCN)C(=O)N[C@@H](C)C(=O)NC(C)(C)C(N)=O,27000.0,inactive
CHEMBL78827,CCOC(=O)N[C@@H](Cc1ccccc1)C(=O)N[C@@H](CCCCN)C(=O)N[C@@H](C)C(=O)NC(C)(C)C(N)=O,50000.0,inactive
CHEMBL311939,CCOC(=O)N[C@H](CCc1ccccc1)C(=O)N[C@H](C(=O)N[C@@H](C)C(=O)N[C@@H](CC(C)C)C(N)=O)C(C)C,160.0,active
CHEMBL311939,CCOC(=O)N[C@H](CCc1ccccc1)C(=O)N[C@H](C(=O)N[C@@H](C)C(=O)N[C@@H](CC(C)C)C(N)=O)C(C)C,1700.0,active
CHEMBL80428,CCOC(=O)N[C@@H](Cc1ccccc1)C(=O)N[C@H](C(=O)N[C@@H](C)C(=O)N[C@@H](Cc1ccccc1)C(N)=O)C(C)C,920.0,active
CHEMBL80428,CCOC(=O)N[C@@H](Cc1ccccc1)C(=O)N[C@H](C(=O)N[C@@H](C)C(=O)N[C@@H](Cc1ccccc1)C(N)=O)C(C)C,50000.0,active
CHEMBL76717,CCOC(=O)N[C@@H](C(=O)N[C@H](C(=O)N[C@@H](C)C(=O)N[C@@H](CC(C)C)C(N)=O)C(C)C)c1ccccc1,65000.0,active
CHEMBL76717,CCOC(=O)N[C@@H](C(=O)N[C@H](C(=O)N[C@@H](C)C(=O)N[C@@H](CC(C)C)C(N)=O)C(C)C)c1ccccc1,300000.0,active
CHEMBL80978,CCOC(=O)N[C@@H](CCSCc1ccccc1)C(=O)N[C@H](C(=O)N[C@@H](C)C(=O)N[C@@H](CC(C)C)C(N)=O)C(C)C,12000.0,active
CHEMBL80978,CCOC(=O)N[C@@H](CCSCc1ccccc1)C(=O)N[C@H](C(=O)N[C@@H](C)C(=O)N[C@@H](CC(C)C)C(N)=O)C(C)C,50000.0,inactive
CHEMBL75687,CCOC(=O)N[C@H](Cc1ccc(O)cc1)C(=O)N(C)[C@@H](CCCN=C(N)N)C(=O)N[C@@H](CC(N)=O)C(=O)N[C@H](C(=O)O)C(C)C,6.5,active
CHEMBL75687,CCOC(=O)N[C@H](Cc1ccc(O)cc1)C(=O)N(C)[C@@H](CCCN=C(N)N)C(=O)N[C@@H](CC(N)=O)C(=O)N[C@H](C(=O)O)C(C)C,63.0,active
CHEMBL312029,CCOC(=O)N[C@H](Cc1ccc(N)cc1)C(=O)N[C@H](C(=O)N[C@@H](C)C(=O)N[C@@H](CC(C)C)C(N)=O)C(C)C,540.0,inactive
CHEMBL312029,CCOC(=O)N[C@H](Cc1ccc(N)cc1)C(=O)N[C@H](C(=O)N[C@@H](C)C(=O)N[C@@H](CC(C)C)C(N)=O)C(C)C,3300.0,active
CHEMBL79025,Cc1ccc(S(=O)(=O)N[C@@H](Cc2ccccc2)C(=O)N[C@H](C(=O)N[C@@H](C)C(=O)N[C@@H](CC(C)C)C(N)=O)C(C)C)cc1,200.0,active
CHEMBL79025,Cc1ccc(S(=O)(=O)N[C@@H](Cc2ccccc2)C(=O)N[C@H](C(=O)N[C@@H](C)C(=O)N[C@@H](CC(C)C)C(N)=O)C(C)C)cc1,1000.0,active
CHEMBL421516,CCOC(=O)N[C@H](Cc1ccc2ccccc2c1)C(=O)N(C)[C@@H](CCCN=C(N)N)C(=O)N[C@@H](CC(N)=O)C(=O)N[C@H](C(=O)O)C(C)C,5.3,active
CHEMBL421516,CCOC(=O)N[C@H](Cc1ccc2ccccc2c1)C(=O)N(C)[C@@H](CCCN=C(N)N)C(=O)N[C@@H](CC(N)=O)C(=O)N[C@H](C(=O)O)C(C)C,35.0,active
CHEMBL311211,CCOC(=O)N[C@H](CC(=O)c1ccccc1)C(=O)N[C@H](C(=O)N[C@@H](C)C(=O)N[C@@H](CC(C)C)C(N)=O)C(C)C,5700.0,active
CHEMBL311211,CCOC(=O)N[C@H](CC(=O)c1ccccc1)C(=O)N[C@H](C(=O)N[C@@H](C)C(=O)N[C@@H](CC(C)C)C(N)=O)C(C)C,45000.0,active
CHEMBL80345,CC(C)C[C@H](NC(=O)[C@H](C)NC(=O)[C@@H](NC(=O)[C@H](Cc1ccccc1)NC(=O)OC(C)(C)C)C(C)C)C(N)=O,43.0,active
CHEMBL80345,CC(C)C[C@H](NC(=O)[C@H](C)NC(=O)[C@@H](NC(=O)[C@H](Cc1ccccc1)NC(=O)OC(C)(C)C)C(C)C)C(N)=O,500.0,inactive
CHEMBL310784,CCOC(=O)N[C@@H](Cc1ccccc1)C(=O)N[C@H](C(=O)N[C@@H](C)C(=O)N[C@@H](CCC(N)=O)C(N)=O)C(C)C,2700.0,active
CHEMBL310784,CCOC(=O)N[C@@H](Cc1ccccc1)C(=O)N[C@H](C(=O)N[C@@H](C)C(=O)N[C@@H](CCC(N)=O)C(N)=O)C(C)C,26000.0,active
CHEMBL80965,CCOC(=O)N[C@@H](Cc1ccccc1)C(=O)N[C@@H](CCCCN)C(=O)N[C@@H](C)C(=O)NC1(C(N)=O)CCCC1,730.0,active
CHEMBL80965,CCOC(=O)N[C@@H](Cc1ccccc1)C(=O)N[C@@H](CCCCN)C(=O)N[C@@H](C)C(=O)NC1(C(N)=O)CCCC1,1600.0,active
CHEMBL80176,CCOC(=O)N[C@@H](Cc1ccccc1)C(=O)N[C@@H](CCCCN)C(=O)N[C@@H](C)C(=O)N[C@@H](CCSC)C(N)=O,230.0,active
CHEMBL80176,CCOC(=O)N[C@@H](Cc1ccccc1)C(=O)N[C@@H](CCCCN)C(=O)N[C@@H](C)C(=O)N[C@@H](CCSC)C(N)=O,910.0,active
CHEMBL80852,CC(=O)CCC(=O)N[C@@H](Cc1ccccc1)C(=O)N[C@H](C(=O)N[C@@H](C)C(=O)N[C@@H](CC(C)C)C(N)=O)C(C)C,25.0,active
CHEMBL80852,CC(=O)CCC(=O)N[C@@H](Cc1ccccc1)C(=O)N[C@H](C(=O)N[C@@H](C)C(=O)N[C@@H](CC(C)C)C(N)=O)C(C)C,430.0,active
CHEMBL80597,CCOC(=O)N[C@H](Cc1ccc(OCC)cc1)C(=O)N[C@H](C(=O)N[C@@H](C)C(=O)N[C@@H](CC(C)C)C(N)=O)C(C)C,17.0,active
CHEMBL80597,CCOC(=O)N[C@H](Cc1ccc(OCC)cc1)C(=O)N[C@H](C(=O)N[C@@H](C)C(=O)N[C@@H](CC(C)C)C(N)=O)C(C)C,75.0,inactive
CHEMBL80527,CCOC(=O)N[C@H](Cc1ccc(OC(C)=O)cc1)C(=O)N[C@H](C(=O)N[C@@H](C)C(=O)N[C@@H](CC(C)C)C(N)=O)C(C)C,240.0,active
CHEMBL80527,CCOC(=O)N[C@H](Cc1ccc(OC(C)=O)cc1)C(=O)N[C@H](C(=O)N[C@@H](C)C(=O)N[C@@H](CC(C)C)C(N)=O)C(C)C,1900.0,active
CHEMBL309211,CCOC(=O)N[C@H](C)C(=O)N(C)[C@@H](CCCN=C(N)N)C(=O)N[C@@H](CC(N)=O)C(=O)N[C@H](C(=O)O)C(C)C,8900.0,active
CHEMBL309211,CCOC(=O)N[C@H](C)C(=O)N(C)[C@@H](CCCN=C(N)N)C(=O)N[C@@H](CC(N)=O)C(=O)N[C@H](C(=O)O)C(C)C,38000.0,active
CHEMBL78541,CCCC[C@H](NC(=O)[C@H](C)NC(=O)[C@H](CCCCN)NC(=O)[C@H](Cc1ccccc1)NC(=O)OCC)C(N)=O,81.0,active
CHEMBL78541,CCCC[C@H](NC(=O)[C@H](C)NC(=O)[C@H](CCCCN)NC(=O)[C@H](Cc1ccccc1)NC(=O)OCC)C(N)=O,600.0,active
CHEMBL311245,CCOC(=O)N[C@@H](Cc1ccccc1)C(=O)N[C@H](C(=O)N[C@@H](C)C(=O)N[C@H]1CCCCNC1=O)C(C)C,12.0,active
CHEMBL311245,CCOC(=O)N[C@@H](Cc1ccccc1)C(=O)N[C@H](C(=O)N[C@@H](C)C(=O)N[C@H]1CCCCNC1=O)C(C)C,82.0,active
CHEMBL1253324,CC(C)C[C@H](NC(=O)[C@H](CCCCN)NC(=O)[C@H](CC(C)C)NC(=O)[C@@H](NC(=O)[C@H](CC(N)=O)NC(=O)[C@H](CCC(N)=O)NC(=O)[C@H](CCCCN)NC(=O)[C@@H](NC(=O)[C@H](Cc1ccc(O)cc1)NC(=O)[C@H](CCCCN)NC(=O)[C@@H]1CCCN1C(=O)[C@@H](N)CN1C(=O)c2ccc(N(C)C)cc2C1=O)C(C)C)[C@@H](C)O)C(=O)N[C@@H](C)C(=O)N[C@H](C(=O)O)[C@@H](C)O,0.6,active
CHEMBL1253323,CSCC[C@H](NC(=O)[C@H](CO)NC(=O)[C@H](CCCNC(=N)N)NC(=O)[C@@H](N)CN1C(=O)c2cc3ccc(N(C)C)cc3cc2C1=O)C(=O)N[C@@H](C)C(=O)N[C@@H](C)C(=O)N[C@@H](C)C(=O)N[C@@H](C)C(=O)N[C@@H](CC(C)C)C(=O)O,11.5,
CHEMBL1253322,CSCC[C@H](NC(=O)[C@H](CO)NC(=O)[C@H](CCCNC(=N)N)NC(=O)[C@@H](N)CN1C(=O)c2ccc(N(C)C)cc2C1=O)C(=O)N[C@@H](C)C(=O)N[C@@H](C)C(=O)N[C@@H](C)C(=O)N[C@@H](C)C(=O)N[C@@H](CC(C)C)C(=O)O,4.0,
CHEMBL1253325,CC(C)C[C@H](NC(=O)[C@H](CCCCN)NC(=O)[C@H](CC(C)C)NC(=O)[C@@H](NC(=O)[C@H](CC(N)=O)NC(=O)[C@H](CCC(N)=O)NC(=O)[C@H](CCCCN)NC(=O)[C@@H](NC(=O)[C@H](Cc1ccc(O)cc1)NC(=O)[C@H](CCCCN)NC(=O)[C@@H]1CCCN1)C(C)C)[C@@H](C)O)C(=O)N[C@@H](C)C(=O)N[C@H](C(=O)O)[C@@H](C)O,4.0,
CHEMBL1254609,CN(C)c1ccc2c(c1)C(=O)N(C[C@H](NC(=O)OCC1c3ccccc3-c3ccccc31)C(=O)O)C2=O,1000.0,
CHEMBL1253326,C[C@@H](O)[C@H](NC(=O)[C@H](CCC(=O)O)NC(=O)[C@@H](N)CN1C(=O)c2ccc(N(C)C)cc2C1=O)C(=O)N[C@@H](CC(=O)O)C(=O)N[C@@H](CCCCN)C(=O)N[C@@H](CC(=O)O)C(=O)N[C@@H](CCCCN)C(=O)N[C@@H](CO)C(=O)N[C@@H](CCCNC(=N)N)C(=O)O,10000.0,
CHEMBL1253322,CSCC[C@H](NC(=O)[C@H](CO)NC(=O)[C@H](CCCNC(=N)N)NC(=O)[C@@H](N)CN1C(=O)c2ccc(N(C)C)cc2C1=O)C(=O)N[C@@H](C)C(=O)N[C@@H](C)C(=O)N[C@@H](C)C(=O)N[C@@H](C)C(=O)N[C@@H](CC(C)C)C(=O)O,4.0,
CHEMBL1253323,CSCC[C@H](NC(=O)[C@H](CO)NC(=O)[C@H](CCCNC(=N)N)NC(=O)[C@@H](N)CN1C(=O)c2cc3ccc(N(C)C)cc3cc2C1=O)C(=O)N[C@@H](C)C(=O)N[C@@H](C)C(=O)N[C@@H](C)C(=O)N[C@@H](C)C(=O)N[C@@H](CC(C)C)C(=O)O,11.0,
CHEMBL1253327,CSCC[C@H](NC(=O)[C@H](CO)NC(=O)[C@H](CCCNC(=N)N)NC(=O)[C@H](CNC(=O)Cc1ccc(N(C)C)cc1C(=O)O)NC(C)=O)C(=O)N[C@@H](C)C(=O)N[C@@H](C)C(=O)N[C@@H](C)C(=O)N[C@@H](C)C(=O)N[C@@H](CC(C)C)C(=O)O,28.0,
CHEMBL1253321,CSCC[C@H](NC(=O)[C@H](CO)NC(=O)[C@H](CCCNC(=N)N)NC(=O)[C@H](CNC(=O)c1cc2cc(N(C)C)ccc2cc1C(=O)O)NC(C)=O)C(=O)N[C@@H](C)C(=O)N[C@@H](C)C(=O)N[C@@H](C)C(=O)N[C@@H](C)C(=O)N[C@@H](CC(C)C)C(=O)O,27.0,
CHEMBL4292594,CC[C@H](C)[C@H](NC(=O)[C@H](CC(N)=O)NC(=O)[C@H](CC(C)C)NC(=O)[C@@H]1CCCN1C(=O)[C@@H]1CCCN1C(=O)[C@H](Cc1cnc[nH]1)NC(=O)[C@@H](NC(=O)[C@@H](NC(=O)[C@@H]1CCCN1C(=O)[C@H](CC(N)=O)NC(=O)[C@H](CCC(=O)O)NC(=O)CCCCCNC(=O)CCSSCC(=O)NCCCCNc1ccc(O)c2c1C(=O)c1ccccc1C2=O)C(C)C)C(C)C)C(=O)N[C@H](C(=O)N[C@H](C(=O)N1CCC[C@H]1C(=O)N[C@@H](CCCNC(=N)N)C(=O)O)[C@@H](C)O)C(C)C,56.0,
CHEMBL4284706,CC[C@H](C)[C@H](NC(=O)[C@H](CC(N)=O)NC(=O)[C@H](CC(C)C)NC(=O)[C@@H]1CCCN1C(=O)[C@@H]1CCCN1C(=O)[C@H](Cc1cnc[nH]1)NC(=O)[C@@H](NC(=O)[C@@H](NC(=O)[C@@H]1CCCN1C(=O)[C@H](CC(N)=O)NC(=O)[C@H](CCC(=O)O)NC(=O)CCCCCN)C(C)C)C(C)C)C(=O)N[C@H](C(=O)N[C@H](C(=O)N1CCC[C@H]1C(=O)N[C@@H](CCCNC(=N)N)C(=O)O)[C@@H](C)O)C(C)C,13.0,
CHEMBL4277461,CC[C@H](C)[C@H](NC(=O)[C@H](CC(N)=O)NC(=O)[C@H](CC(C)C)NC(=O)[C@@H]1CCCN1C(=O)[C@@H]1CCCN1C(=O)[C@H](Cc1cnc[nH]1)NC(=O)[C@@H](NC(=O)[C@@H](NC(=O)[C@@H]1CCCN1C(=O)[C@H](CC(N)=O)NC(=O)[C@@H](N)CCC(=O)O)C(C)C)C(C)C)C(=O)N[C@H](C(=O)N[C@H](C(=O)N1CCC[C@H]1C(=O)N[C@@H](CCCNC(=N)N)C(=O)O)[C@@H](C)O)C(C)C,13.0,
CHEMBL4292594,CC[C@H](C)[C@H](NC(=O)[C@H](CC(N)=O)NC(=O)[C@H](CC(C)C)NC(=O)[C@@H]1CCCN1C(=O)[C@@H]1CCCN1C(=O)[C@H](Cc1cnc[nH]1)NC(=O)[C@@H](NC(=O)[C@@H](NC(=O)[C@@H]1CCCN1C(=O)[C@H](CC(N)=O)NC(=O)[C@H](CCC(=O)O)NC(=O)CCCCCNC(=O)CCSSCC(=O)NCCCCNc1ccc(O)c2c1C(=O)c1ccccc1C2=O)C(C)C)C(C)C)C(=O)N[C@H](C(=O)N[C@H](C(=O)N1CCC[C@H]1C(=O)N[C@@H](CCCNC(=N)N)C(=O)O)[C@@H](C)O)C(C)C,2901.0,
CHEMBL4284706,CC[C@H](C)[C@H](NC(=O)[C@H](CC(N)=O)NC(=O)[C@H](CC(C)C)NC(=O)[C@@H]1CCCN1C(=O)[C@@H]1CCCN1C(=O)[C@H](Cc1cnc[nH]1)NC(=O)[C@@H](NC(=O)[C@@H](NC(=O)[C@@H]1CCCN1C(=O)[C@H](CC(N)=O)NC(=O)[C@H](CCC(=O)O)NC(=O)CCCCCN)C(C)C)C(C)C)C(=O)N[C@H](C(=O)N[C@H](C(=O)N1CCC[C@H]1C(=O)N[C@@H](CCCNC(=N)N)C(=O)O)[C@@H](C)O)C(C)C,355.0,
CHEMBL4277461,CC[C@H](C)[C@H](NC(=O)[C@H](CC(N)=O)NC(=O)[C@H](CC(C)C)NC(=O)[C@@H]1CCCN1C(=O)[C@@H]1CCCN1C(=O)[C@H](Cc1cnc[nH]1)NC(=O)[C@@H](NC(=O)[C@@H](NC(=O)[C@@H]1CCCN1C(=O)[C@H](CC(N)=O)NC(=O)[C@@H](N)CCC(=O)O)C(C)C)C(C)C)C(=O)N[C@H](C(=O)N[C@H](C(=O)N1CCC[C@H]1C(=O)N[C@@H](CCCNC(=N)N)C(=O)O)[C@@H](C)O)C(C)C,87.0,
